{
	"CB": {
		"munFolder":"/CapeBreton/",
		"munName":"CapeBreton",
		"munFullName":"Cape Breton Regional Municipality",
		"munID":"CB",
		"shpMunID":"CB"
		},
	"HX": {
		"munFolder":"/Halifax/",
		"munName":"Halifax",
		"munFullName":"Halifax Regional Municipality",
		"munID":"HX",
		"shpMunID":"HX"
		},
	"FN": {
		"munFolder":"/FirstNations/",
		"munName":"FirstNations",
		"munFullName":"First Nations",
		"munID":"FN",
		"shpMunID":"FN"
		},
	"AP": {
		"munFolder":"/CountyAnnapolis/",
		"munName":"CountyAnnapolis",
		"munFullName":"County of Annapolis",
		"munID":"AP",
		"shpMunID":"AP"
		},
	"AT": {
		"munFolder":"/CountyAntigonish/",
		"munName":"CountyAntigonish",
		"munFullName":"County of Antigonish",
		"munID":"AT",
		"shpMunID":"AT"
		},
	"CO": {
		"munFolder":"/CountyColchester/",
		"munName":"CountyColchester",
		"munFullName":"County of Colchester",
		"munID":"CO",
		"shpMunID":"CO"
		},
	"CU": {
		"munFolder":"/CountyCumberland/",
		"munName":"CountyCumberland",
		"munFullName":"County of Cumberland",
		"munID":"CU",
		"shpMunID":"CU"
		},
	"IN": {
		"munFolder":"/CountyInverness/",
		"munName":"CountyInverness",
		"munFullName":"County of Inverness",
		"munID":"IN",
		"shpMunID":"IN"
		},
	"KI": {
		"munFolder":"/CountyKings/",
		"munName":"CountyKings",
		"munFullName":"County of Kings",
		"munID":"KI",
		"shpMunID":"KI"
		},
	"PI": {
		"munFolder":"/CountyPictou/",
		"munName":"CountyPictou",
		"munFullName":"County of Pictou",
		"munID":"PI",
		"shpMunID":"PI"
		},
	"RI": {
		"munFolder":"/CountyRichmond/",
		"munName":"CountyRichmond",
		"munFullName":"County of Richmond",
		"munID":"RI",
		"shpMunID":"RI"
		},
	"VI": {
		"munFolder":"/CountyVictoria/",
		"munName":"CountyVictoria",
		"munFullName":"County of Victoria",
		"munID":"VI",
		"shpMunID":"VI"
		},
	"AY": {
		"munFolder":"/DistrictArgyle/",
		"munName":"DistrictArgyle",
		"munFullName":"District of Argyle",
		"munID":"AY",
		"shpMunID":"ARG"
		},
	"BA": {
		"munFolder":"/DistrictBarrington/",
		"munName":"DistrictBarrington",
		"munFullName":"District of Barrington",
		"munID":"BA",
		"shpMunID":"BA"
		},
	"CT": {
		"munFolder":"/DistrictChester/",
		"munName":"DistrictChester",
		"munFullName":"District of Chester",
		"munID":"CT",
		"shpMunID":"CT"
		},
	"CL": {
		"munFolder":"/DistrictClare/",
		"munName":"DistrictClare",
		"munFullName":"District of Clare",
		"munID":"CL",
		"shpMunID":"CL"
		},
	"DI": {
		"munFolder":"/DistrictDigby/",
		"munName":"DistrictDigby",
		"munFullName":"District of Digby",
		"munID":"DI",
		"shpMunID":"DI"
		},
	"EH": {
		"munFolder":"/DistrictEastHants/",
		"munName":"DistrictEastHants",
		"munFullName":"District of East Hants",
		"munID":"EH",
		"shpMunID":"EH"
		},
	"GU": {
		"munFolder":"/DistrictGuysborough/",
		"munName":"DistrictGuysborough",
		"munFullName":"District of Guysborough",
		"munID":"GU",
		"shpMunID":"GU"
		},
	"LU": {
		"munFolder":"/DistrictLunenburg/",
		"munName":"DistrictLunenburg",
		"munFullName":"District of Lunenburg",
		"munID":"LU",
		"shpMunID":"LU"
		},
	"SH": {
		"munFolder":"/DistrictShelburne/",
		"munName":"DistrictShelburne",
		"munFullName":"District of Shelburne",
		"munID":"SH",
		"shpMunID":"SH"
		},
	"SM": {
		"munFolder":"/DistrictStMarys/",
		"munName":"DistrictStMarys",
		"munFullName":"District of St. Mary's",
		"munID":"SM",
		"shpMunID":"SM"
		},
	"WH": {
		"munFolder":"/DistrictWestHants/",
		"munName":"DistrictWestHants",
		"munFullName":"District of West Hants",
		"munID":"WH",
		"shpMunID":"WH"
		},
	"YA": {
		"munFolder":"/DistrictYarmouth/",
		"munName":"DistrictYarmouth",
		"munFullName":"District of Yarmouth",
		"munID":"YA",
		"shpMunID":"YA"
		},
	"QU": {
		"munFolder":"/RegionQueens/",
		"munName":"RegionQueens",
		"munFullName":"Region of Queens",
		"munID":"QU",
		"shpMunID":"QU"
		},
	"AM": {
		"munFolder":"/TownAmherst/",
		"munName":"TownAmherst",
		"munFullName":"Town of Amherst",
		"munID":"AM",
		"shpMunID":"AM"
		},
	"AR": {
		"munFolder":"/TownAnnapolisRoyal/",
		"munName":"TownAnnapolisRoyal",
		"munFullName":"Town of Annapolis Royal",
		"munID":"AR",
		"shpMunID":"AR"
		},
	"AS": {
		"munFolder":"/TownAntigonish/",
		"munName":"TownAntigonish",
		"munFullName":"Town of Antigonish",
		"munID":"AS",
		"shpMunID":"AS"
		},
	"BE": {
		"munFolder":"/TownBerwick/",
		"munName":"TownBerwick",
		"munFullName":"Town of Berwick",
		"munID":"BE",
		"shpMunID":"BE"
		},
	"BT": {
		"munFolder":"/TownBridgetown/",
		"munName":"TownBridgetown",
		"munFullName":"Town of Bridgetown",
		"munID":"BT",
		"shpMunID":"BT"
		},
	"BW": {
		"munFolder":"/TownBridgewater/",
		"munName":"TownBridgewater",
		"munFullName":"Town of Bridgewater",
		"munID":"BW",
		"shpMunID":"BW"
		},
	"CA": {
		"munFolder":"/TownCanso/",
		"munName":"TownCanso",
		"munFullName":"Town of Canso",
		"munID":"CA",
		"shpMunID":"CA"
		},
	"CH": {
		"munFolder":"/TownClarksHarbour/",
		"munName":"TownClarksHarbour",
		"munFullName":"Town of Clark's Harbour",
		"munID":"CH",
		"shpMunID":"CH"
		},
	"DG": {
		"munFolder":"/TownDigby/",
		"munName":"TownDigby",
		"munFullName":"Town of Digby",
		"munID":"DG",
		"shpMunID":"DG"
		},
	"HP": {
		"munFolder":"/TownHantsport/",
		"munName":"TownHantsport",
		"munFullName":"Town of Hantsport",
		"munID":"HP",
		"shpMunID":"HP"
		},
	"KE": {
		"munFolder":"/TownKentville/",
		"munName":"TownKentville",
		"munFullName":"Town of Kentville",
		"munID":"KE",
		"shpMunID":"KE"
		},
	"LO": {
		"munFolder":"/TownLockeport/",
		"munName":"TownLockeport",
		"munFullName":"Town of Lockeport",
		"munID":"LO",
		"shpMunID":"LKP"
		},
	"LN": {
		"munFolder":"/TownLunenburg/",
		"munName":"TownLunenburg",
		"munFullName":"Town of Lunenburg",
		"munID":"LN",
		"shpMunID":"LN"
		},
	"MB": {
		"munFolder":"/TownMahoneBay/",
		"munName":"TownMahoneBay",
		"munFullName":"Town of Mahone Bay",
		"munID":"MB",
		"shpMunID":"MHB"
		},
	"MI": {
		"munFolder":"/TownMiddleton/",
		"munName":"TownMiddleton",
		"munFullName":"Town of Middleton",
		"munID":"MI",
		"shpMunID":"MI"
		},
	"MU": {
		"munFolder":"/TownMulgrave/",
		"munName":"TownMulgrave",
		"munFullName":"Town of Mulgrave",
		"munID":"MU",
		"shpMunID":"MU"
		},
	"NG": {
		"munFolder":"/TownNewGlasgow/",
		"munName":"TownNewGlasgow",
		"munFullName":"Town of New Glasgow",
		"munID":"NG",
		"shpMunID":"NG"
		},
	"OX": {
		"munFolder":"/TownOxford/",
		"munName":"TownOxford",
		"munFullName":"Town of Oxford",
		"munID":"OX",
		"shpMunID":"OX"
		},
	"PA": {
		"munFolder":"/TownParrsboro/",
		"munName":"TownParrsboro",
		"munFullName":"Town of Parrsboro",
		"munID":"PA",
		"shpMunID":"PA"
		},
	"PC": {
		"munFolder":"/TownPictou/",
		"munName":"TownPictou",
		"munFullName":"Town of Pictou",
		"munID":"PC",
		"shpMunID":"PC"
		},
	"PH": {
		"munFolder":"/TownPortHawkesbury/",
		"munName":"TownPortHawkesbury",
		"munFullName":"Town of Port Hawkesbury",
		"munID":"PH",
		"shpMunID":"PHK"
		},
	"SB": {
		"munFolder":"/TownShelburne/",
		"munName":"TownShelburne",
		"munFullName":"Town of Shelburne",
		"munID":"SB",
		"shpMunID":"SHL"
		},
	"SP": {
		"munFolder":"/TownSpringhill/",
		"munName":"TownSpringhill",
		"munFullName":"Town of Springhill",
		"munID":"SP",
		"shpMunID":"SP"
		},
	"SL": {
		"munFolder":"/TownStellarton/",
		"munName":"TownStellarton",
		"munFullName":"Town of Stellarton",
		"munID":"SL",
		"shpMunID":"SL"
		},
	"SW": {
		"munFolder":"/TownStewiacke/",
		"munName":"TownStewiacke",
		"munFullName":"Town of Stewiacke",
		"munID":"SW",
		"shpMunID":"SW"
		},
	"TN": {
		"munFolder":"/TownTrenton/",
		"munName":"TownTrenton",
		"munFullName":"Town of Trenton",
		"munID":"TN",
		"shpMunID":"TN"
		},
	"TU": {
		"munFolder":"/TownTruro/",
		"munName":"TownTruro",
		"munFullName":"Town of Truro",
		"munID":"TU",
		"shpMunID":"TU"
		},
	"WE": {
		"munFolder":"/TownWestville/",
		"munName":"TownWestville",
		"munFullName":"Town of Westville",
		"munID":"WE",
		"shpMunID":"WE"
		},
	"WI": {
		"munFolder":"/TownWindsor/",
		"munName":"TownWindsor",
		"munFullName":"Town of Windsor",
		"munID":"WI",
		"shpMunID":"WI"
		},
	"WO": {
		"munFolder":"/TownWolfville/",
		"munName":"TownWolfville",
		"munFullName":"Town of Wolfville",
		"munID":"WO",
		"shpMunID":"WO"
		},
	"YM": {
		"munFolder":"/TownYarmouth/",
		"munName":"TownYarmouth",
		"munFullName":"Town of Yarmouth",
		"munID":"YM",
		"shpMunID":"YM"
		},
	"VAY": {
		"munFolder":"/VillageAylesford/",
		"munName":"VillageAylesford",
		"munFullName":"Village of Aylesford",
		"munID":"VAY",
		"shpMunID":"VAY"
		},
	"VBD": {
		"munFolder":"/VillageBaddeck/",
		"munName":"VillageBaddeck",
		"munFullName":"Village of Baddeck",
		"munID":"VBD",
		"shpMunID":"VBD"
		},
	"VBH": {
		"munFolder":"/VillageBibleHill/",
		"munName":"VillageBibleHill",
		"munFullName":"Village of Bible Hill",
		"munID":"VBH",
		"shpMunID":"VBH"
		},
	"VCN": {
		"munFolder":"/VillageCanning/",
		"munName":"VillageCanning",
		"munFullName":"Village of Canning",
		"munID":"VCN",
		"shpMunID":"VCN"
		},
	"VCH": {
		"munFolder":"/VillageChester/",
		"munName":"VillageChester",
		"munFullName":"Village of Chester",
		"munID":"VCH",
		"shpMunID":"VCH"
		},
	"VCS": {
		"munFolder":"/VillageCornwallisSquare/",
		"munName":"VillageCornwallisSquare",
		"munFullName":"Village of Cornwallis Square",
		"munID":"VCS",
		"shpMunID":"VCS"
		},
	"VFP": {
		"munFolder":"/VillageFreeport/",
		"munName":"VillageFreeport",
		"munFullName":"Village of Freeport",
		"munID":"VFP",
		"shpMunID":"VFP"
		},
	"VGW": {
		"munFolder":"/VillageGreenwood/",
		"munName":"VillageGreenwood",
		"munFullName":"Village of Greenwood",
		"munID":"VGW",
		"shpMunID":"VGW"
		},
	"VHB": {
		"munFolder":"/VillageHavreBoucher/",
		"munName":"VillageHavreBoucher",
		"munFullName":"Village of Havre Boucher",
		"munID":"VHB",
		"shpMunID":"VHB"
		},
	"VHE": {
		"munFolder":"/VillageHebbville/",
		"munName":"VillageHebbville",
		"munFullName":"Village of Hebbville",
		"munID":"VHE",
		"shpMunID":"VHE"
		},
	"VKI": {
		"munFolder":"/VillageKingston/",
		"munName":"VillageKingston",
		"munFullName":"Village of Kingston",
		"munID":"VKI",
		"shpMunID":"VKI"
		},
	"VLW": {
		"munFolder":"/VillageLawrencetown/",
		"munName":"VillageLawrencetown",
		"munFullName":"Village of Lawrencetown",
		"munID":"VLW",
		"shpMunID":"VLW"
		},
	"VNM": {
		"munFolder":"/VillageNewMinas/",
		"munName":"VillageNewMinas",
		"munFullName":"Village of New Minas",
		"munID":"VNM",
		"shpMunID":"VNM"
		},
	"VPW": {
		"munFolder":"/VillagePortWilliams/",
		"munName":"VillagePortWilliams",
		"munFullName":"Village  of Port Williams",
		"munID":"VPW",
		"shpMunID":"VPW"
		},
	"VPG": {
		"munFolder":"/VillagePugwash/",
		"munName":"VillagePugwash",
		"munFullName":"Village of Pugwash",
		"munID":"VPG",
		"shpMunID":"VPG"
		},
	"VRH": {
		"munFolder":"/VillageRiverHebert/",
		"munName":"VillageRiverHebert",
		"munFullName":"Village of River Hebert",
		"munID":"VRH",
		"shpMunID":"VRH"
		},
	"VSP": {
		"munFolder":"/VillageStPeters/",
		"munName":"VillageStPeters",
		"munFullName":"Village of St. Peter's",
		"munID":"VSP",
		"shpMunID":"VSP"
		},
	"VTM": {
		"munFolder":"/VillageTatamagouche/",
		"munName":"VillageTatamagouche",
		"munFullName":"Village of Tatamagouche",
		"munID":"VTM",
		"shpMunID":"VTM"
		},
	"VTI": {
		"munFolder":"/VillageTiverton/",
		"munName":"VillageTiverton",
		"munFullName":"Village of Tiverton",
		"munID":"VTI",
		"shpMunID":"VTI"
		},
	"VWP": {
		"munFolder":"/VillageWestport/",
		"munName":"VillageWestport",
		"munFullName":"Village of Westport",
		"munID":"VWP",
		"shpMunID":"VWP"
		},
	"VWM": {
		"munFolder":"/VillageWeymouth/",
		"munName":"VillageWeymouth",
		"munFullName":"Village of Weymouth",
		"munID":"VWM",
		"shpMunID":"VWM"
		}
}